{
	"info": {
		"_postman_id": "9addbb87-5ba0-4cd1-bd3c-e8e3429a11b5",
		"name": "adm-gerenciamneto-wick",
		"schema": "https://schema.getpostman.com/json/collection/v2.1.0/collection.json"
	},
	"item": [
		{
			"name": "user-tolkin",
			"request": {
				"method": "POST",
				"header": [],
				"body": {
					"mode": "urlencoded",
					"urlencoded": [
						{
							"key": "username",
							"value": "fernanda.borges",
							"type": "default"
						},
						{
							"key": "password",
							"value": "adm123",
							"type": "default"
						}
					]
				},
				"url": {
					"raw": "http://localhost:8080/login",
					"protocol": "http",
					"host": [
						"localhost"
					],
					"port": "8080",
					"path": [
						"login"
					]
				}
			},
			"response": []
		},
		{
			"name": "obtendo auntentificação",
			"request": {
				"auth": {
					"type": "basic",
					"basic": [
						{
							"key": "password",
							"value": "wickedbotz-manager@???????????************",
							"type": "string"
						},
						{
							"key": "username",
							"value": "wickedbotz-manager@*********873466247532656",
							"type": "string"
						}
					]
				},
				"method": "POST",
				"header": [],
				"body": {
					"mode": "formdata",
					"formdata": []
				},
				"url": {
					"raw": "http://localhost:9000/oauth2/tolken",
					"protocol": "http",
					"host": [
						"localhost"
					],
					"port": "9000",
					"path": [
						"oauth2",
						"tolken"
					]
				}
			},
			"response": []
		}
	]
}